{"cameraMode":{"drawMode":0,"name":"Shaded","section":"Shading Mode"},"sceneLighting":true,"audioPlay":false,"sceneViewState":{"m_AlwaysRefresh":false,"showFog":true,"showSkybox":true,"showFlares":true,"showImageEffects":true,"showParticleSystems":true,"showVisualEffectGraphs":true,"m_FxEnabled":true},"in2DMode":false,"pivot":{"x":0.07619521766901016,"y":2.4605929851531984,"z":-1.6644468307495118},"rotation":{"x":-0.41759803891181948,"y":0.00599452992901206,"z":-0.002755408175289631,"w":-0.9086087942123413},"size":2.84230375289917,"orthographic":false}